{"Jan": 298583866958.8674, "Feb": 259456319314.9126, "Mar": 228767453345.98367, "Apr": 164879500996.2926, "May": 120228366299.64023, "Jun": 98664182094.48752, "Jul": 87758729788.07468, "Aug": 87661517674.69823, "Sep": 112668717234.93117, "Oct": 161838146544.60657, "Nov": 230223523559.00305, "Dec": 279022200729.5245}