{"1971.01": 4666110990.0, "1971.02": 4140453000.0, "1971.03": 4736449560.0, "1971.04": 3719413420.0, "1971.05": 3034896450.0, "1971.06": 3144422550.0, "1971.07": 2883894590.0, "1971.08": 2952609010.0, "1971.09": 3352359420.0, "1971.1": 4201038840.0, "1971.11": 5168521620.0, "1971.12": 5337460600.0, "1972.01": 6101851950.0, "1972.02": 5394716250.0, "1972.03": 5359071210.0, "1972.04": 4953953380.0, "1972.05": 4381604260.0, "1972.06": 3848120340.0, "1972.07": 3514114250.0, "1972.08": 3748151200.0, "1972.09": 4472121790.0, "1972.1": 5532176410.0, "1972.11": 6183313030.0, "1972.12": 6887882680.0, "1973.01": 7354162600.0, "1973.02": 6766023240.0, "1973.03": 6579120850.0, "1973.04": 6188859370.0, "1973.05": 5066090510.0, "1973.06": 4070171930.0, "1973.07": 3879208030.0, "1973.08": 3942797110.0, "1973.09": 4340537880.0, "1973.1": 6422625570.0, "1973.11": 7557871460.0, "1973.12": 8528899880.0, "1974.01": 8329117150.0, "1974.02": 7395247900.0, "1974.03": 7942178100.0, "1974.04": 6532568500.0, "1974.05": 6276446300.0, "1974.06": 5121983000.0, "1974.07": 5070499000.0, "1974.08": 4977698300.0, "1974.09": 5914609300.0, "1974.1": 8147063300.0, "1974.11": 8361988990.0, "1974.12": 8350051850.0, "1975.01": 8704297740.0, "1975.02": 8350296700.0, "1975.03": 8924386800.0, "1975.04": 7736573800.0, "1975.05": 6073142000.0, "1975.06": 5188028700.0, "1975.07": 4426231600.0, "1975.08": 4292826920.0, "1975.09": 5155308500.0, "1975.1": 7284213300.0, "1975.11": 8480857000.0, "1975.12": 9431017900.0, "1976.01": 9736202200.0, "1976.02": 9224179300.0, "1976.03": 9504544000.0, "1976.04": 7476339600.0, "1976.05": 5976767500.0, "1976.06": 5110745300.0, "1976.07": 4482295800.0, "1976.08": 4795696800.0, "1976.09": 6008919700.0, "1976.1": 6886644400.0, "1976.11": 8334443900.0, "1976.12": 10199189900.0, "1977.01": 10165951378.3688, "1977.02": 8464455764.59856, "1977.03": 8285432316.80517, "1977.04": 7896385325.9318, "1977.05": 5945505686.17283, "1977.06": 5007355238.93825, "1977.07": 4110893874.26041, "1977.08": 4231739179.59719, "1977.09": 5271460830.14056, "1977.1": 6295414632.03243, "1977.11": 8258561389.35766, "1977.12": 9379902405.42703, "1978.01": 10132077990.7798, "1978.02": 9146918015.28375, "1978.03": 8121281384.82069, "1978.04": 6556126907.22598, "1978.05": 5608807768.68495, "1978.06": 4122882061.80975, "1978.07": 3526948642.77347, "1978.08": 3364999612.07486, "1978.09": 4285493446.92949, "1978.1": 5794925532.96512, "1978.11": 7348550812.62302, "1978.12": 8756995155.5907, "1979.01": 10949611532.982, "1979.02": 9345220787.61732, "1979.03": 8364893879.98288, "1979.04": 6322221541.42894, "1979.05": 4520075107.1779, "1979.06": 3163652682.07858, "1979.07": 2852494855.23562, "1979.08": 2949712478.72884, "1979.09": 3772168967.11367, "1979.1": 5552561536.49381, "1979.11": 7175877061.46739, "1979.12": 7199993320.27919, "1980.01": 8989614900.0, "1980.02": 6721336200.0, "1980.03": 7317139803.0, "1980.04": 5647072000.0, "1980.05": 4491898697.0, "1980.06": 3437297100.0, "1980.07": 2999112100.0, "1980.08": 2352818200.0, "1980.09": 2859408600.0, "1980.1": 5036639400.0, "1980.11": 7183269800.0, "1980.12": 8008192800.0, "1981.01": 9034677500.0, "1981.02": 8435299009.0, "1981.03": 6483199589.0, "1981.04": 4747510096.0, "1981.05": 3082473286.0, "1981.06": 2457110646.0, "1981.07": 1811656800.0, "1981.08": 1717076296.0, "1981.09": 2744419593.0, "1981.1": 4791853800.0, "1981.11": 5894268297.0, "1981.12": 7853211891.0, "1982.01": 7564650203.0, "1982.02": 6149570604.0, "1982.03": 5830393792.0, "1982.04": 4465686700.0, "1982.05": 2873532395.0, "1982.06": 2075564200.0, "1982.07": 1561491491.0, "1982.08": 1456449500.0, "1982.09": 2176870303.0, "1982.1": 3151348169.0, "1982.11": 4502145110.0, "1982.12": 6561611301.0, "1983.01": 5907073099.0, "1983.02": 6877734109.0, "1983.03": 5894119594.0, "1983.04": 4522985302.0, "1983.05": 3778324195.0, "1983.06": 2259437803.0, "1983.07": 1594924700.0, "1983.08": 1656389100.0, "1983.09": 2673712703.0, "1983.1": 3300336109.0, "1983.11": 4974602795.0, "1983.12": 6616695004.0, "1984.01": 7313966700.0, "1984.02": 7283269706.0, "1984.03": 6772390396.0, "1984.04": 4415224408.0, "1984.05": 3706440605.0, "1984.06": 2753730703.0, "1984.07": 1949435589.0, "1984.08": 1537301973.0, "1984.09": 2325589640.0, "1984.1": 3090603555.0, "1984.11": 3822412442.0, "1984.12": 4836750259.0, "1985.01": 8996053651.0, "1985.02": 7329378799.0, "1985.03": 6455300558.0, "1985.04": 3987584249.0, "1985.05": 2890150308.0, "1985.06": 2258310088.0, "1985.07": 1186679695.0, "1985.08": 1617459924.0, "1985.09": 2350666671.0, "1985.1": 3202894415.0, "1985.11": 6327481194.0, "1985.12": 5305494501.0, "1986.01": 6197948324.0, "1986.02": 7596266257.0, "1986.03": 4544216025.0, "1986.04": 4148092189.0, "1986.05": 1316465171.0, "1986.06": 1674075712.0, "1986.07": 1278315971.0, "1986.08": 1047798815.0, "1986.09": 2503694669.0, "1986.1": 2372214666.1, "1986.11": 3813518772.88724, "1986.12": 5053633760.65176, "1987.01": 7666901228.30001, "1987.02": 5470248254.19999, "1987.03": 6342020582.40001, "1987.04": 2259820285.7, "1987.05": 1785253192.99998, "1987.06": 1327737971.1, "1987.07": 825790481.999999, "1987.08": 955175748.899998, "1987.09": 1219978396.39999, "1987.1": 2290679792.9, "1987.11": 4200338480.70001, "1987.12": 4722509676.70001, "1988.01": 3918459377.00001, "1988.02": 4425805334.59999, "1988.03": 3857056763.4, "1988.04": 2069445735.10001, "1988.05": 1279249598.9, "1988.06": 1137542881.7, "1988.07": 1191176370.23425, "1988.08": 813694900.999992, "1988.09": 1412283112.3, "1988.1": 2275831131.69999, "1988.11": 3987745564.2, "1988.12": 3973297312.4, "1989.01": 4351774090.61863, "1989.02": 3855253082.59551, "1989.03": 3104612106.53595, "1989.04": 2820703574.99898, "1989.05": 1039127991.65304, "1989.06": 885714519.426088, "1989.07": 658395458.827897, "1989.08": 691518703.76453, "1989.09": 821690318.882417, "1989.1": 1389996673.71413, "1989.11": 3595912852.7142, "1989.12": 4665497310.24576, "1990.01": 4758418981.36384, "1990.02": 3079063902.89455, "1990.03": 2519033061.5506, "1990.04": 1504866067.91193, "1990.05": 308042640.403179, "1990.06": 898567641.928719, "1990.07": 709754412.362332, "1990.08": 652766534.745627, "1990.09": 1897906663.81049, "1990.1": 2621502881.89574, "1990.11": 4588884060.20788, "1990.12": 5528531319.23395, "1991.01": 5488201630.46078, "1991.02": 6254172686.93972, "1991.03": 2482141219.75427, "1991.04": 2194984824.60451, "1991.05": 2076511144.13903, "1991.06": 2023789430.88552, "1991.07": 1366311700.01111, "1991.08": 916419093.050781, "1991.09": 1158444570.13772, "1991.1": 2898692591.17445, "1991.11": 5382992082.27886, "1991.12": 6337578474.03139, "1992.01": 6746132899.88178, "1992.02": 5129955645.04911, "1992.03": 4084728419.28182, "1992.04": 2865232466.53483, "1992.05": 1926387173.7383, "1992.06": 1614597694.6297, "1992.07": 1299942410.71018, "1992.08": 1322017065.35734, "1992.09": 1812546792.29493, "1992.1": 4249739754.15428, "1992.11": 4800239643.47156, "1992.12": 5658589345.48003, "1993.01": 5859714961.14828, "1993.02": 5957129680.28443, "1993.03": 4461483416.45394, "1993.04": 2562549635.92181, "1993.05": 1182872688.10701, "1993.06": 1344960864.56902, "1993.07": 1143929263.84388, "1993.08": 1397550704.58043, "1993.09": 3125889094.61169, "1993.1": 4068903382.02585, "1993.11": 6322241268.74387, "1993.12": 5680536047.1843, "1994.01": 5290500956.87113, "1994.02": 5386901129.73853, "1994.03": 3838615264.6443, "1994.04": 3152892123.47747, "1994.05": 1396276127.70283, "1994.06": 1048903804.02612, "1994.07": 708167966.042543, "1994.08": 764212648.124713, "1994.09": 1805075607.57632, "1994.1": 3666999779.35229, "1994.11": 2799484743.18813, "1994.12": 4652164781.66053, "1995.01": 5776047178.22883, "1995.02": 3615806959.82066, "1995.03": 4107885829.38605, "1995.04": 2348307512.8433, "1995.05": 1650752749.33118, "1995.06": 1399918365.71678, "1995.07": 594928240.883078, "1995.08": 661878623.680586, "1995.09": 1282193906.6528, "1995.1": 1931093129.96195, "1995.11": 3888479704.79846,